{
  "baseline_constant": {
    "mean_delta_logloss_ensemble_minus_comparator": -0.10661511020880161,
    "ci95_delta_logloss": [
      -0.16647126560035133,
      -0.043230728607380725
    ],
    "probability_ensemble_better_logloss": 0.9992,
    "mean_delta_brier_ensemble_minus_comparator": -0.07903586792202455,
    "ci95_delta_brier": [
      -0.11800172506167426,
      -0.03818207698861624
    ],
    "probability_ensemble_better_brier": 0.9998
  },
  "baseline_elo_simple": {
    "mean_delta_logloss_ensemble_minus_comparator": -0.03327640012969427,
    "ci95_delta_logloss": [
      -0.0710591139249063,
      0.004607033881226525
    ],
    "probability_ensemble_better_logloss": 0.95635,
    "mean_delta_brier_ensemble_minus_comparator": -0.02512836471694944,
    "ci95_delta_brier": [
      -0.05082708774746858,
      0.0008513407708551084
    ],
    "probability_ensemble_better_brier": 0.9712
  },
  "baseline_poisson_independent": {
    "mean_delta_logloss_ensemble_minus_comparator": -0.0033645307444664582,
    "ci95_delta_logloss": [
      -0.012768228143643751,
      0.005690436747963006
    ],
    "probability_ensemble_better_logloss": 0.7629,
    "mean_delta_brier_ensemble_minus_comparator": -0.0004762408139421009,
    "ci95_delta_brier": [
      -0.006210800371296422,
      0.0050949825818391754
    ],
    "probability_ensemble_better_brier": 0.56055
  },
  "dixon_coles_full": {
    "mean_delta_logloss_ensemble_minus_comparator": -0.005602220967405873,
    "ci95_delta_logloss": [
      -0.015537738361444295,
      0.003801710814710557
    ],
    "probability_ensemble_better_logloss": 0.8749,
    "mean_delta_brier_ensemble_minus_comparator": -0.0019638967925132435,
    "ci95_delta_brier": [
      -0.007559783019824469,
      0.0034587578416971883
    ],
    "probability_ensemble_better_brier": 0.75865
  },
  "elo_logit": {
    "mean_delta_logloss_ensemble_minus_comparator": -0.013412889753012346,
    "ci95_delta_logloss": [
      -0.04491113511338211,
      0.018540042026983377
    ],
    "probability_ensemble_better_logloss": 0.79695,
    "mean_delta_brier_ensemble_minus_comparator": -0.01239681235008352,
    "ci95_delta_brier": [
      -0.03357292845577291,
      0.008990250722592803
    ],
    "probability_ensemble_better_brier": 0.87415
  },
  "gradient_boosting_calibrated": {
    "mean_delta_logloss_ensemble_minus_comparator": -0.029478711464271102,
    "ci95_delta_logloss": [
      -0.06585795189147292,
      0.007347981601114736
    ],
    "probability_ensemble_better_logloss": 0.94275,
    "mean_delta_brier_ensemble_minus_comparator": -0.023013541271925484,
    "ci95_delta_brier": [
      -0.04724821803090231,
      0.0014138042896078879
    ],
    "probability_ensemble_better_brier": 0.9673
  },
  "stage_group_stage": {
    "rows": 144,
    "log_loss": 0.9737027941199266,
    "brier": 0.5737174461628741,
    "accuracy_1x2": 0.5625
  },
  "stage_knockout_stage": {
    "rows": 48,
    "log_loss": 1.0356542424832267,
    "brier": 0.6297901018904486,
    "accuracy_1x2": 0.5
  }
}