{
  "format": "datagol-portable-multinomial-logit-v1",
  "classes": [
    "A",
    "D",
    "H"
  ],
  "scaler_mean": [
    0.02448033625327832,
    0.04071382095566444,
    -0.03463852040169631,
    0.04299107784163682,
    0.07535234135736076,
    -0.0027682713514335694,
    0.8266027834816336,
    0.7211909650924025,
    0.04630657710672427
  ],
  "scaler_scale": [
    0.37167705079667757,
    0.8404620920786202,
    0.9193656315883025,
    0.7975935805608567,
    1.505182762030652,
    0.4077262814453422,
    0.37859030867423055,
    0.24983163385045887,
    0.43681109086092396
  ],
  "coef": [
    [
      -0.5847491950943698,
      -0.08982888765831286,
      0.1748632380691012,
      0.19123466859570445,
      -0.15696500924620913,
      0.012858590142142598,
      -0.09966237561030883,
      0.012267623400624384,
      -0.13386293752033526
    ],
    [
      -0.002029286316311591,
      0.01681914791075597,
      -0.022255906276940376,
      -0.054381857045495266,
      0.022985362604237895,
      0.009071382851220812,
      0.008732261533571848,
      -0.05949118977052372,
      -0.022163988398099566
    ],
    [
      0.5867784814106775,
      0.07300973974755391,
      -0.1526073317921607,
      -0.13685281155021362,
      0.13397964664196804,
      -0.021929972993363873,
      0.09093011407673385,
      0.047223566369903026,
      0.15602692591843276
    ]
  ],
  "intercept": [
    -0.29574495616029595,
    -0.15938984685752414,
    0.45513480301782555
  ]
}